Species,Observation,Hypothesis,Reps,Std.Obs,Expectation,Variance,p-value
Bermuda grass (CD),0.447643045971446,greater,9999,12.3051810845777,-0.00050789029809607,0.00132639414985319,1e-04
crabgrass (DS),0.329999156040723,greater,9999,8.31476736823039,-0.000145408447465852,0.00157655126343353,1e-04
horseweed (EC),0.402833889110193,greater,9999,9.10971952256533,7.99680592967872e-05,0.00195465242626912,1e-04
prickly lettuce (LS),0.193960713939437,greater,9999,7.705054202691,8.05701740653694e-05,0.000633162623308349,1e-04
bluegrass (PA),0.282156216571616,greater,9999,8.22791033790195,-0.000147482707604395,0.00117721025704899,2e-04
dandelion (TO),0.310145748470504,greater,9999,7.28301321262327,9.64761272451733e-05,0.00181233816953548,1e-04
