Species,Observation,Hypothesis,Reps,Std.Obs,Expectation,Variance,p-value
Bermuda grass (CD),0.447643045971446,greater,9999,11.9068282254172,0.00054173401952847,0.00141000194550909,1e-04
crabgrass (DS),0.329999156040723,greater,9999,8.21785141720802,-0.000180873955648334,0.0016143029329703,1e-04
horseweed (EC),0.402833889110193,greater,9999,9.27406072556095,-1.47720385112148e-05,0.00188687868565301,1e-04
prickly lettuce (LS),0.193960713939437,greater,9999,7.56252733652597,-0.000102480072253976,0.000658494929121467,2e-04
bluegrass (PA),0.282156216571616,greater,9999,8.23955879249395,-0.000273653380545913,0.00117493363936442,1e-04
dandelion (TO),0.310145748470504,greater,9999,7.35436152034331,-0.000621907060987362,0.00178558970495478,1e-04
