Species,Observation,Hypothesis,Reps,Std.Obs,Expectation,Variance,p-value,Environmental variable
Bermuda grass (CD),0.432326771256822,greater,9999,15.2134310604814,-0.000627011152557019,0.000809895031287897,1e-04,soiltemp_2.5cm_Jul_12pm
crabgrass (DS),0.300763414266287,greater,9999,5.30437933959555,0.000326519522475613,0.00320802230670346,1e-04,soiltemp_2.5cm_Jul_12pm
horseweed (EC),0.892159928571194,greater,9999,19.7766992037285,-8.79232335475873e-05,0.00203546390664728,1e-04,soiltemp_2.5cm_Jul_12pm
prickly lettuce (LS),0.521430292458218,greater,9999,10.8480176061644,-0.000363146758598691,0.00231364363069648,1e-04,soiltemp_2.5cm_Jul_12pm
bluegrass (PA),0.206504435214794,greater,9999,3.92381543618239,0.000704071094620476,0.00275090210048873,5e-04,soiltemp_2.5cm_Jul_12pm
dandelion (TO),0.463891851661932,greater,9999,6.5188474692961,-0.00074227788426524,0.00508019726649553,1e-04,soiltemp_2.5cm_Jul_12pm
