Species,Observation,Hypothesis,Reps,Std.Obs,Expectation,Variance,p-value,Environmental variable
Bermuda grass (CD),0.379320889424478,greater,9999,13.5769406621703,6.98607890959081e-05,0.000780278597929179,1e-04,soiltemp_2.5cm_Jun_12pm
crabgrass (DS),0.306241282409463,greater,9999,5.41102287277376,-0.000464424003737553,0.00321280948436298,1e-04,soiltemp_2.5cm_Jun_12pm
horseweed (EC),0.927922560022845,greater,9999,19.3527943755852,-7.848863493287e-05,0.00229937375213365,1e-04,soiltemp_2.5cm_Jun_12pm
prickly lettuce (LS),0.552503594298074,greater,9999,9.85860549828749,-0.000203889556930618,0.00314311096537106,1e-04,soiltemp_2.5cm_Jun_12pm
bluegrass (PA),0.162971914864889,greater,9999,2.85307386687594,-0.000715822405734304,0.003291593976974,0.0063,soiltemp_2.5cm_Jun_12pm
dandelion (TO),0.445291073586392,greater,9999,5.83840104955463,0.00094915784588301,0.00579224226205426,1e-04,soiltemp_2.5cm_Jun_12pm
