Species,Observation,Hypothesis,Reps,Std.Obs,Expectation,Variance,p-value,Environmental variable
Bermuda grass (CD),0.379320889424478,greater,9999,13.5378055693067,-0.000104391975696249,0.000785517717170143,1e-04,soiltemp_2.5cm_Jun_12pm
crabgrass (DS),0.306241282409463,greater,9999,5.37457023586643,0.000930433153941723,0.00322698531563461,1e-04,soiltemp_2.5cm_Jun_12pm
horseweed (EC),0.927922560022845,greater,9999,19.5766132968886,4.57939315999499e-05,0.00224649510211176,1e-04,soiltemp_2.5cm_Jun_12pm
prickly lettuce (LS),0.552503594298074,greater,9999,9.81455913922863,0.000910156407604108,0.0031586142418624,1e-04,soiltemp_2.5cm_Jun_12pm
bluegrass (PA),0.162971914864889,greater,9999,2.82217914093585,-0.000309094341733781,0.00334735826305587,0.0065,soiltemp_2.5cm_Jun_12pm
dandelion (TO),0.445291073586392,greater,9999,5.84448442973624,0.000383149558132241,0.00579492566917158,1e-04,soiltemp_2.5cm_Jun_12pm
