Species,Observation,Hypothesis,Reps,Std.Obs,Expectation,Variance,p-value,Environmental variable
Bermuda grass (CD),0.137653335816502,greater,9999,3.01121429337622,0.000119196161403702,0.00208611239576201,0.004,distance_to_city_center_km
crabgrass (DS),-0.104846912363786,greater,9999,-1.57090346623866,-0.000593903892713659,0.00440431321943562,0.9723,distance_to_city_center_km
horseweed (EC),0.0946052153261383,greater,9999,1.75482895023172,-0.000212586514817905,0.00291951146192189,0.0563,distance_to_city_center_km
prickly lettuce (LS),-0.0891864701885913,greater,9999,-1.20678242294319,0.000724274872959944,0.00555092348755578,0.8853,distance_to_city_center_km
bluegrass (PA),-0.0069194628940705,greater,9999,-0.0944812369021175,-0.000371826814778285,0.00480261669022054,0.4761,distance_to_city_center_km
dandelion (TO),0.0153534623968166,greater,9999,0.175566878149338,0.000354603925688409,0.00729846014425488,0.4107,distance_to_city_center_km
