Species,Observation,Hypothesis,Reps,Std.Obs,Expectation,Variance,p-value,Environmental variable
Bermuda grass (CD),0.450948635922037,greater,9999,15.0937948157284,-0.000354131615024135,0.000894003274884629,1e-04,soiltemp_2.5cm_Aug_12pm
crabgrass (DS),0.325156385312025,greater,9999,5.84108569656408,-0.000453421480735909,0.00310747610103829,1e-04,soiltemp_2.5cm_Aug_12pm
horseweed (EC),0.859713306710042,greater,9999,20.0422119623325,-0.00109183722719794,0.00184466881321935,1e-04,soiltemp_2.5cm_Aug_12pm
prickly lettuce (LS),0.515576497686596,greater,9999,12.351928351945,-7.3971121165221e-05,0.0017427749389109,1e-04,soiltemp_2.5cm_Aug_12pm
bluegrass (PA),0.219073039592961,greater,9999,4.39836490668993,0.000974423395751533,0.00245880057102623,7e-04,soiltemp_2.5cm_Aug_12pm
dandelion (TO),0.438329674049673,greater,9999,6.52974997185048,1.3082084530532e-05,0.00450591211653215,1e-04,soiltemp_2.5cm_Aug_12pm
