Species,Observation,Hypothesis,Reps,Std.Obs,Expectation,Variance,p-value,Environmental variable
Bermuda grass (CD),0.432326771256822,greater,9999,14.6854153366468,0.000401952706958883,0.000865055260030457,1e-04,soiltemp_2.5cm_Jul_12pm
crabgrass (DS),0.300763414266287,greater,9999,5.28686180146464,0.00113981578434677,0.00321185636279925,1e-04,soiltemp_2.5cm_Jul_12pm
horseweed (EC),0.892159928571194,greater,9999,19.8503116779471,0.000337199223895723,0.00201847053051073,1e-04,soiltemp_2.5cm_Jul_12pm
prickly lettuce (LS),0.521430292458218,greater,9999,10.8973662186159,-9.52525872111547e-06,0.00228962991333354,1e-04,soiltemp_2.5cm_Jul_12pm
bluegrass (PA),0.206504435214794,greater,9999,3.99510725125834,0.000237620521801466,0.002665642097936,8e-04,soiltemp_2.5cm_Jul_12pm
dandelion (TO),0.463891851661932,greater,9999,6.41456365823389,0.000616424227844703,0.00521608058061847,1e-04,soiltemp_2.5cm_Jul_12pm
