Species,Observation,Hypothesis,Reps,Std.Obs,Expectation,Variance,p-value,Environmental variable
Bermuda grass (CD),0.137653335816502,greater,9999,3.04481417242079,0.000206997247910094,0.00203772120806111,0.004,distance_to_city_center_km
crabgrass (DS),-0.104846912363786,greater,9999,-1.57812021671278,0.000149933921092234,0.00442662102495913,0.9724,distance_to_city_center_km
horseweed (EC),0.0946052153261383,greater,9999,1.70610143685189,0.000324548944384138,0.00305376483324317,0.0619,distance_to_city_center_km
prickly lettuce (LS),-0.0891864701885913,greater,9999,-1.18532241402693,-0.000715086152364805,0.00557099346594713,0.8831,distance_to_city_center_km
bluegrass (PA),-0.0069194628940705,greater,9999,-0.099618504684166,5.43205465551519e-05,0.00490068599879757,0.4737,distance_to_city_center_km
dandelion (TO),0.0153534623968166,greater,9999,0.197716724665293,-0.00122457839782778,0.0070303928436495,0.3992,distance_to_city_center_km
