Species,Observation,Hypothesis,Reps,Std.Obs,Expectation,Variance,p-value,Environmental variable
Bermuda grass (CD),0.368794952351355,greater,9999,13.0355353532092,8.59672435132518e-05,0.000800036310942086,1e-04,RH_1.2m_Jul_12pm
crabgrass (DS),0.252514838184987,greater,9999,4.46565434122815,-0.00025274474397614,0.00320385271738196,1e-04,RH_1.2m_Jul_12pm
horseweed (EC),0.906431468431135,greater,9999,19.9430249674122,-0.000695174176369176,0.00206896802591704,1e-04,RH_1.2m_Jul_12pm
prickly lettuce (LS),0.536145569991237,greater,9999,8.94856986100255,0.000378855112779373,0.00358462882060727,1e-04,RH_1.2m_Jul_12pm
bluegrass (PA),0.0981595070289613,greater,9999,1.59781363299727,5.95270915262497e-06,0.00377363435379023,0.0706,RH_1.2m_Jul_12pm
dandelion (TO),0.398009649713185,greater,9999,4.90117010959793,0.000861831803758823,0.00656605942484594,1e-04,RH_1.2m_Jul_12pm
