Species,Observation,Hypothesis,Reps,Std.Obs,Expectation,Variance,p-value,Environmental variable
Bermuda grass (CD),0.318787044180289,greater,9999,11.4028495249237,0.000127633127604507,0.000780956262176365,1e-04,airtemp_1.2m_Aug_12pm
crabgrass (DS),0.32510468672463,greater,9999,5.90234195898506,0.000126632387688979,0.0030315122947279,1e-04,airtemp_1.2m_Aug_12pm
horseweed (EC),0.90820492914583,greater,9999,18.7795955050646,-0.00070157534101322,0.00234242640699521,1e-04,airtemp_1.2m_Aug_12pm
prickly lettuce (LS),0.546636959434166,greater,9999,9.43852837340512,-0.000156225939322763,0.00335612103887961,1e-04,airtemp_1.2m_Aug_12pm
bluegrass (PA),0.118321554738096,greater,9999,1.98590660910587,0.000340504473292778,0.00352944869752086,0.0361,airtemp_1.2m_Aug_12pm
dandelion (TO),0.398542233215178,greater,9999,5.24930806808642,-0.00144600847907343,0.00580617775058478,1e-04,airtemp_1.2m_Aug_12pm
