Species,Observation,Hypothesis,Reps,Std.Obs,Expectation,Variance,p-value,Environmental variable
Bermuda grass (CD),0.432326771256822,greater,9999,14.8152577491674,0.000101288922225909,0.000851142569609476,1e-04,soiltemp_2.5cm_Jul_12pm
crabgrass (DS),0.300763414266287,greater,9999,5.38461885984725,-0.000625351114548432,0.00313288304887311,1e-04,soiltemp_2.5cm_Jul_12pm
horseweed (EC),0.892159928571194,greater,9999,19.5504695622177,0.000642971452017611,0.00207943251610191,1e-04,soiltemp_2.5cm_Jul_12pm
prickly lettuce (LS),0.521430292458218,greater,9999,10.7967362889221,0.000656879280419833,0.00232655123471616,1e-04,soiltemp_2.5cm_Jul_12pm
bluegrass (PA),0.206504435214794,greater,9999,3.94439130457214,0.000403116840098712,0.00273024458392581,6e-04,soiltemp_2.5cm_Jul_12pm
dandelion (TO),0.463891851661932,greater,9999,6.52922910176142,-0.000284332777429694,0.00505407745381028,1e-04,soiltemp_2.5cm_Jul_12pm
