"","statistic","value"
"1","JostD",0.305796772828574
"2","Gst",0.0273571871775513
"3","Fst",0.0281216319219912
