"","statistic","value"
"1","JostD",0.145946999232419
"2","Gst",0.0206344410691631
"3","Fst",0.0216550222169537
