"","statistic","value"
"1","JostD",0.384314043250897
"2","Gst",0.0815111184754937
"3","Fst",0.0823408273302066
