"","statistic","value"
"1","JostD",0.056603018366863
"2","Gst",0.0178786756280892
"3","Fst",0.00994880762670265
