"","statistic","value"
"1","JostD",0.269308989744302
"2","Gst",0.0433923778405567
"3","Fst",0.055928085064111
