"","statistic","value"
"1","JostD",0.0604888190673666
"2","Gst",0.00709698844335186
"3","Fst",0.00897881626486348
